MatrixName,Size,MemoryDiff,Time,Error
ex15.mat,568315,4640768,0.17230844497680664,6.373039892025257e-07
shallow_water1.mat,2316415,43823104,0.49481678009033203,2.4191432592763325e-16
apache2.mat,8501019,1430745088,50.31600284576416,2.6439542358305498e-11
parabolic_fem.mat,13430627,388530176,4.722765207290649,1.2186342978855653e-12
G3_circuit.mat,14164910,1103335424,20.841373443603516,2.741966359964529e-12
cfd1.mat,14503159,187654144,3.135990619659424,1.8334919784499647e-14
cfd2.mat,23748539,350425088,7.625463008880615,3.5281971859737356e-13
