MatrixName,Size,MemoryDiff,Time,Error
ex15.mat,568315,4784128,0.23109006881713867,6.373039892025257e-07
shallow_water1.mat,2316415,43745280,0.5911726951599121,2.4191432592763325e-16
apache2.mat,8501019,1427501056,58.95767402648926,2.6439542358305498e-11
parabolic_fem.mat,13430627,388296704,6.82997465133667,1.2186342978855653e-12
G3_circuit.mat,14164910,1111650304,22.27894687652588,2.741966359964529e-12
cfd1.mat,14503159,187977728,3.332707643508911,1.8334919784499647e-14
cfd2.mat,23748539,350294016,8.065734386444092,3.5281971859737356e-13
