MatrixName,Size,MemoryDiff,Time,Error
ex15.mat,568315,84660224,2.4162118,8.21380186712579e-07
shallow_water1.mat,2316415,445329408,5.8880097,3.07688798314864e-16
cfd1.mat,14503159,1394466816,9.2534747,2.16641067660319e-13
cfd2.mat,23748539,2696847360,19.0216093,6.19326456426195e-13
