MatrixName,Size,MemoryDiff,Time,Error
ex15.mat,568315,3727360,0.017224788665771484,6.373039892025257e-07
shallow_water1.mat,2316415,37830656,0.38373517990112305,2.4191432592763325e-16
apache2.mat,8501019,1813708800,83.10970187187195,4.053547131931853e-11
parabolic_fem.mat,13430627,422174720,7.327727317810059,1.2186342978855653e-12
G3_circuit.mat,14164910,2090758144,91.9291090965271,2.4374166113795984e-12
cfd1.mat,14503159,362459136,14.238816499710083,3.8009881841220814e-13
cfd2.mat,23748539,721260544,46.6806366443634,6.903172394444132e-13
