MatrixName,Size,MemoryPre,MemoryPost,MemoryDiff,Time,Error
shallow_water1.mat,2316415,11589584,303898752,292309168,8.156,2.9863681564206695E-16
cfd2.mat,23748539,42210296,1970236376,1928026080,120.236,2.1927722216622213E-11
cfd1.mat,14503159,27320312,1014391144,987070832,76.438,4.525125569752032E-11
ex15.mat,568315,5180328,11156360,5976032,0.008,8.007992883722316E-7
