MatrixName,Size,MemoryDiff,Time,Error
ex15.mat,568315,5230592,0.60678,8.21380186712579e-07
shallow_water1.mat,2316415,378171392,3.586064,3.07688798314864e-16
cfd1.mat,14503159,1251893248,8.704733,2.16641067660319e-13
cfd2.mat,23748539,2488057856,15.274341,6.19326456426195e-13
