MatrixName,Size,MemoryDiff,Time,Error
ex15.mat,568315,3210824,0.823216676712036,7.52205594858616e-07
shallow_water1.mat,2316415,30913984,1.39456725120544,2.3005075780259e-16
apache2.mat,8501019,2150241104,196.978906869888,7.87130687601758e-11
parabolic_fem.mat,13430627,450419888,13.3893070220947,2.78163926009668e-12
G3_circuit.mat,14164910,2319963072,176.536283493042,8.20721162362439e-12
cfd1.mat,14503159,432791976,25.7387111186981,3.32987475656585e-12
cfd2.mat,23748539,889195816,82.5302917957306,6.38703575723732e-12
