MatrixName,Size,MemoryPre,MemoryPost,MemoryDiff,Time,Error
shallow_water1.mat,2316415,11589576,303454928,291865352,9.079,2.9863681564206695E-16
cfd2.mat,23748539,42210224,1970236304,1928026080,93.307,2.1927722216622213E-11
cfd1.mat,14503159,27319520,1014388288,987068768,60.476,4.525125569752032E-11
ex15.mat,568315,5180256,11156288,5976032,0.009,8.007992883722316E-7
