MatrixName,Size,MemoryDiff,Time,Error
ex15.mat,568315,3071984,0.559454917907715,7.52205594858616e-07
shallow_water1.mat,2316415,30924608,0.932286977767944,2.3005075780259e-16
apache2.mat,8501019,2150241104,162.815289020538,7.87130687601758e-11
parabolic_fem.mat,13430627,450420096,9.95148181915283,2.78163926009668e-12
G3_circuit.mat,14164910,2319963072,125.393973827362,8.20721162362439e-12
cfd1.mat,14503159,432792184,16.3143348693848,3.32987475656585e-12
cfd2.mat,23748539,889196024,76.2307629585266,6.38703575723732e-12
