MatrixName,Size,MemoryPre,MemoryPost,MemoryDiff,Time,Error
cfd1.mat,14503159,26370736,1012436776,986066040,49.444,4.525125569752032E-11
cfd2.mat,23748539,40559528,1968587672,1928028144,100.139,2.1927722216622213E-11
ex15.mat,568315,3530560,10854800,7324240,0.007,8.007992883722316E-7
shallow_water1.mat,2316415,8939184,302562024,293622840,6.437,2.9863681564206695E-16
