MatrixName,Size,MemoryDiff,Time,Error
ex15.mat,568315,80953344,1.4177961,8.21380186712579e-07
shallow_water1.mat,2316415,379895808,3.3899692,3.07688798314864e-16
cfd1.mat,14503159,1281593344,6.769914,2.16641067660319e-13
cfd2.mat,23748539,2488291328,11.3603334,6.19326456426195e-13
