MatrixName,Size,MemoryDiff,Time,Error
ex15.mat,568315,3629056,0.04748988151550293,6.373039892025257e-07
shallow_water1.mat,2316415,37830656,0.41368770599365234,2.4191432592763325e-16
apache2.mat,8501019,1812856832,102.46633577346802,4.053547131931853e-11
parabolic_fem.mat,13430627,421879808,3.587728261947632,1.2186342978855653e-12
G3_circuit.mat,14164910,2091016192,100.25596499443054,2.4374166113795984e-12
cfd1.mat,14503159,362475520,18.42419672012329,3.8009881841220814e-13
cfd2.mat,23748539,721260544,77.0532374382019,6.903172394444132e-13
