MatrixName,Size,MemoryPre,MemoryPost,MemoryDiff,Time,Error
cfd1.mat,14503159,26666200,1011725608,985059408,60.05,4.525125569752032E-11
cfd2.mat,23748539,40562360,1968094664,1927532304,93.327,2.1927722216622213E-11
ex15.mat,568315,3532704,10856944,7324240,0.006,8.007992883722316E-7
shallow_water1.mat,2316415,8941328,301872184,292930856,7.542,2.9863681564206695E-16