MatrixName,Size,MemoryDiff,Time,Error
ex15.mat,568315,4784128,0.023949384689331055,6.373039892025257e-07
shallow_water1.mat,2316415,43937792,0.47580957412719727,2.4191432592763325e-16
apache2.mat,8501019,1430798336,52.45072364807129,2.6439542358305498e-11
parabolic_fem.mat,13430627,388272128,5.110974073410034,1.2186342978855653e-12
G3_circuit.mat,14164910,1102356480,21.212916374206543,2.741966359964529e-12
cfd1.mat,14503159,187940864,3.558128833770752,1.8334919784499647e-14
cfd2.mat,23748539,350035968,7.692629098892212,3.5281971859737356e-13
