MatrixName,Size,MemoryDiff,Time,Error
ex15.mat,568315,3710976,0.011027812957763672,6.373039892025257e-07
shallow_water1.mat,2316415,38150144,0.27757740020751953,2.4191432592763325e-16
apache2.mat,8501019,1813676032,76.1918888092041,4.053547131931853e-11
parabolic_fem.mat,13430627,422141952,5.2087438106536865,1.2186342978855653e-12
G3_circuit.mat,14164910,2091020288,84.938636302948,2.4374166113795984e-12
cfd1.mat,14503159,362475520,10.652145862579346,3.8009881841220814e-13
cfd2.mat,23748539,721244160,34.34513998031616,6.903172394444132e-13
