MatrixName,Size,MemoryPre,MemoryPost,MemoryDiff,Time,Error
cfd1.mat,14503159,26367144,1012575640,986208496,75.969,4.525125569752032E-11
cfd2.mat,23748539,40558056,1968584136,1928026080,96.998,2.1927722216622213E-11
ex15.mat,568315,3529088,10853328,7324240,0.013,8.007992883722316E-7
shallow_water1.mat,2316415,8937712,302156352,293218640,10.731,2.9863681564206695E-16
